class,mean,std
yes,-2.797593094,1826.252337
no,0.281308484,2078.953949
up,0.495489356,1770.883397
down,3.56165472,2068.394797
left,0.563968204,1917.899054
right,5.339665279,1951.153548
on,-0.642744367,2156.202864
off,1.685307412,2222.283994
stop,-1.312952628,1992.15135
go,-5.235466517,2284.878085
silence,0,2022.657
unknown,-3.747477403,1980.178452